inchi_key	n_annotations	target_genes	annotated_moas
AAKJLRGGTJKAMG-UHFFFAOYSA-N	2	EGFR	Inhibitors of Signal Transduction Pathways,EGFR (HER1 or erbB1) Inhibitors
ADPBTBPPIIKLEH-UHFFFAOYSA-N	2	SMPD2	HIV Integrase Inhibitors,Neutral Sphingomyelinase (N-SMase) Inhibitors
AFMXVBAHMGWYAZ-UHFFFAOYSA-N	2	KIT	KIT (C-KIT) Inhibitors,Inhibitors of Signal Transduction Pathways
AHJRHEGDXFFMBM-UHFFFAOYSA-N	4	CDK6,CDK4	CDK4 Inhibitors,CDK6 Inhibitors
AJCDZIDKYKCOMZ-AATRIKPKSA-N	1		
AKGUXECGGCUDCV-UXBLZVDNSA-N	1		
AKJULTWNHWSAFM-UHFFFAOYSA-N	1	RORC	RORC gamma t inhibitor
ALBKMJDFBZVHAK-UHFFFAOYSA-N	5	GABRA1,GABRA2,GABRA3,GABRB3,GABRG2	Anxiolytics
ALRYLNXZUBATMZ-UHFFFAOYSA-N	3	RXRG,RXRB,RXRA	Retinoid RXR Agonists
ANYJUPCHANVRRC-DRGJWEBESA-N	1	CETP	Cholesteryl Ester Transfer Protein (CETP) Inhibitors
APARDBNFWVLXJI-UHFFFAOYSA-N	2	BDKRB1	Non-Opioid Analgesics,BDKRB1 antagonist
AQGNHMOJWBZFQQ-UHFFFAOYSA-N	2	GSK3B,GSK3A	Glycogen Synthase Kinase 3 (GSK-3) Inhibitors
ATEBXHFBFRCZMA-VXTBVIBXSA-N	1	POLRMT	DNA-Directed RNA Polymerase Inhibitors
ATQMRMGXINTJHV-UHFFFAOYSA-N	1	HTR1B	HTR1B antagonist
AWIVHRPYFSSVOG-UHFFFAOYSA-N	2	PDE5A	Phosphodiesterase V (PDE5A) Inhibitors,Autophagy Agonist
AWUGZGWYVVYYIP-ZDUSSCGKSA-N	5	RNU1-4,SNRPC,RNU1-3,RNU1-2,RNU1-1	splicing modulator
AXLYOAXOIGRBKX-UHFFFAOYSA-N	1		
AXRCEOKUDYDWLF-UHFFFAOYSA-N	12	PRKCB,PRKCH,PRKCZ,RPS6KB1	Angiogenesis Inhibitors,Protein Kinase PKC beta Inhibitors,Inhibitors of Signal Transduction Pathways
BBTFKAOFCSOZMB-UHFFFAOYSA-N	4	PDE4A,PDE4B,PDE4C,PDE4D	PDE4 inhibitor for topical application
BDSYKGHYMJNPAB-LICBFIPMSA-N	1	NR3C1	Antiinflammatory Drugs
BERLXWPRSBJFHO-UHFFFAOYSA-N	2	TGFBR1	TbetaR-I) Inhibitors,Activin Receptor Like Kinase 5 (ALK5
BFTKDWYIRJGJCA-CYBMUJFWSA-N	2	CREBBP,EP300	dual CBP/EP300 inhibitor
BFTWJXMKBNDLCI-UHFFFAOYSA-N	1	DPP4	Autophagy agonist
BHCJHYIMNHXLOM-WVDRJWPYSA-N	4	TACR1,TACR2	Tachykinin NK2 Antagonists,Tachykinin NK1 Antagonists
BMZRVOVNUMQTIN-UHFFFAOYSA-N	1		
BPBPYQWMFCTCNG-UHFFFAOYSA-N	3	TXN,TXNRD2,TXNRD1	Thioredoxin 1 competitive irrreversible inhibitor
BPNUQXPIQBZCMR-IBGZPJMESA-N	9	PRKACA,PRKACB,PRKACG	PKB alpha/Akt1 Inhibitors,Inhibitors of Signal Transduction Pathways,cAMP-Dependent Protein Kinase (PKA) Inhibitors
BSQHKYLMKDAHEX-GOSISDBHSA-N	1	SMO	Smoothened Antagonist
BTIHMVBBUGXLCJ-OAHLLOKOSA-N	6	CDK5R1,CCNA1,CCNB2,CCNB3,CCNE2,CDK2	CDK inhibitors
BWZNJVZTAWBIFG-UHFFFAOYSA-N	1		
BXNJHAXVSOCGBA-UHFFFAOYSA-N	9	CDK5,CDK2,DYRK1A	CDK2 Inhibitors,Dual-Specificity Tyrosine-(Y)-Phosphorylation Regulated Kinase 1A (DYRK1A) Inhibitors,CDK5 Inhibitors
CDJNNOJINJAXPV-UHFFFAOYSA-N	2	HIF1A	HIF-1 inhibitor,HIF target gene expression suppressor
CDSXVXMUMRBIGJ-UHFFFAOYSA-N	1	CD38	CD38 inhibitor
CEDLXWRFEZCVEU-INIZCTEOSA-N	1	CLK2	CDC-like kinase-2 inhibitors
CEUMAXLRGBKFQP-UHFFFAOYSA-N	1		
CFMZSMGAMPBRBE-UHFFFAOYSA-N	3	GABRA1,RRM1,RRM2	Ribonucleoside-Diphosphate Reductase Inhibitors
CGYJGYNVEBFJEL-AWRGLXIESA-N	1	MMP9	MMP-9 (Gelatinase B) Inhibitors
CHILCFMQWMQVAL-UHFFFAOYSA-N	2	IKBKB	NF-kappaB (NFKB) Activation Inhibitors,IKK-2 (IKK-beta) Inhibitors
CKCSOMMBIPJYSG-UHFFFAOYSA-N	1		
CLGRAWDGLMENOD-UHFFFAOYSA-N	3	PRKCA,GSK3B,JAK3	Jak3 tyrosine kinase inhibitor
CMYCCJYVZIMDFU-UHFFFAOYSA-N	1	LSS	lanosterol synthetase inhibitor
CXHHBESKHSJGOL-UHFFFAOYSA-N	4	RET,PDGFRA,KDR,KIT	VEGFR-2 (FLK-1/KDR) Inhibitors
CXQRKICWSCAUGW-UHFFFAOYSA-N	2	CCNA1,CDK2	CDK inhibitor
CZCUSHJQJWKYTD-UHFFFAOYSA-N	1	DYRK1B	Dyrk1 inhibitor
DANYIYRPLHHOCZ-UHFFFAOYSA-N	2	XDH	Melanin Inhibitors,Xanthine Oxidase Inhibitors
DETOMBLLEOZTMZ-UHFFFAOYSA-N	1	MEN1	Menin inhibitor
DKORMNNYNRPTBJ-UHFFFAOYSA-N	1		
DKXHSOUZPMHNIZ-UHFFFAOYSA-N	2	CDC7	Cell Division Cycle 7-Related Protein Kinase (CDC7) Inhibitors,Inhibitors of Signal Transduction Pathways
DLMBMHOJKBPKLK-UHFFFAOYSA-N	3	CAMK1D,CAMK1G,CAMK1	camk1 gene inhibitor
DNBCCTCVENITSE-VAWYXSNFSA-N	2	HSPA1A	TNF-alpha Production Inhibitors,Heat Shock Protein 70 (hsp70) Inducers
DOUYETYNHWVLEO-UHFFFAOYSA-N	4	TLR7,NQO2	Interferon Inducers,TLR7 Receptor Agonists
DTZDSNQYNPNCPK-UHFFFAOYSA-N	1	GRM7	mgluR7 Agonists
DVQKEPFWUFUQBY-UHFFFAOYSA-N	2	TRPM4	Cytokine Production Inhibitors,TRPM4 Agonists
DVXSJBDRMIDVMC-UHFFFAOYSA-N	1	PRKCG	Protein Kinase C (PKC) Inhibitors
DWIYBCKFYUQVLU-UHFFFAOYSA-N	6	HDAC10,HDAC11,HDAC5,HDAC7,HDAC8,HDAC9	TNF-alpha Production Inhibitors
DYKFCLLONBREIL-KVUCHLLUSA-N	6	PADI6,PARP1	Protein Arginine Deiminase Inhibitors,30S Ribosomal Protein Inhibitors,Poly(ADP-ribose)polymerase-1 (PARP-1) Inhibitors
DZACSLYTXLZAAF-UHFFFAOYSA-N	1	MEN1	Menin inhibitor
FCCUUXVXNBHGAZ-YLJYHZDGSA-N	2	CSF1R	CSF1R (c-FMS) Inhibitors,Angiogenesis Inhibitors
FCHPZRJYEBHTOH-UHFFFAOYSA-N	1	USP7	TGFb pathway inhibitor
FEGRQUWSKADGSP-UHFFFAOYSA-N	9	PDGFRA,KDR,KIT	Angiogenesis Inhibitors,KIT (C-KIT) Inhibitors,PDGFRalpha Inhibitors
FFGNNGLKJOEDAC-UHFFFAOYSA-N	1	SSTR2	Somatostatin SRIF1A (sst2) Agonists
FKULIXGXFMDTPC-UHFFFAOYSA-N	1	HMOX1	Heme Oxygenase 1 (HO-1) Inhibitors
FOFHDVOENOAIGR-UHFFFAOYSA-N	1	SMG1	SMG1 gene inhibitor
FOIVPCKZDPCJJY-JQIJEIRASA-N	1	RARA	Retinoid RAR Agonists
FUGQNAUKABUDQI-UHFFFAOYSA-N	2	MEN1	Inhibitor of MEN1 (Menin),MEN1 inhibitor
FUPKFFJNRCYVCY-AREMUKBSSA-N	1	OGT	OGT (O-linked N-acetylglucosamine (GlcNAc) transferase) inhibitor
FVRLVWVKWXERPU-KRWDZBQOSA-N	1	FGFR4	FGFR4 gene inhibitor
FWFGIHPGRQZWIW-SQNIBIBYSA-N	1		
FYICDSWKKFSYOM-UHFFFAOYSA-N	1	ERBB3	ERBB3 covalent inhibitor
GAANRNOWRTWFGY-MXVIHJGJSA-N	1	PRKCQ	PKC theta inhibitor
GAEUGYYJXUTOSY-UHFFFAOYSA-N	12	IRAK1,SYK,ZAP70,PTK2,AURKA,BMX	ZAP70 Kinase Inhibitors,ALK Inhibitors
GCZHKZTYTMTFGU-JHOUSYSJSA-N	16	BACE1,CTSD,CTSE,BACE2	Cathepsin D Inhibitors,Cathepsin E Inhibitors,beta-Secretase 2 (BACE2) Inhibitors,beta-Secretase 1 (BACE1) Inhibitors
GDOVFSONSLOIAK-KRWDZBQOSA-N	2	PREP	POP) Inhibitors,Prolyl Endopeptidase (prolyl oligopeptidase
GEPYBHCJBORHCE-SFHVURJKSA-N	4	EP300,CREBBP	CREBBP / CBP / KAT3A,N-Ac Lysine competitive CREBBP inhibitor
GGPZCOONYBPZEW-UHFFFAOYSA-N	12	FLT1,KDR,KIT	Angiogenesis Inhibitors,KIT (C-KIT) Inhibitors,VEGFR-2 (FLK-1/KDR) Inhibitors,VEGFR-1 (Flt-1) Inhibitors
GKTWGGQPFAXNFI-UHFFFAOYSA-N	1	P2RY12	P2RY12 antagonist
GKWHICIUSVVNGX-MRXNPFEDSA-N	1	HTR1F	5-hydroxytryptamine receptor 1F receptor agonist
GMGMDWSPSKXMJH-OAQYLSRUSA-N	1	GCK	Glucokinase Activators
GMLKJSOWCKBKLX-UHFFFAOYSA-N	2	ROCK1,ROCK2	Rho Kinase Inhibitors
GNKXHXKTZQAERZ-UHFFFAOYSA-N	1	PTPN11	SHP2 inhibitor
GNMUEVRJHCWKTO-HXUWFJFHSA-N	1	BRD4	N-Ac Lysine competitive BET family inhibitor BRD4
GNRIZKKCNOBBMO-UHFFFAOYSA-N	6	SMPD1,FASN	Antioxidants,Acidic Sphingomyelinase (A-SMase) Inhibitors,Fatty Acid Synthase Inhibitors
GRHBODILPPXVKN-UHFFFAOYSA-N	9	SCN3A,SCN9A,SCN10A	Nav1.8 (SNS/PN3) Sodium Channel Blockers,Nav1.7 (PN1/hNE-Na) Sodium Channel Blockers,Nav1.3 (Brain Type III) Sodium Channel Blockers
GWHSPAGSUKYSEY-UHFFFAOYSA-N	4	RARA,RXRA	Retinoid RARalpha Agonists,Retinoid RXRalpha Agonists
GWKQRNXTGAHPBR-GINUTJKVSA-N	6	ESR2,ESR1	Selective Estrogen Receptor Destabilizers (SERD),Estrogen Receptor (ER) beta Ligands,Estrogen Receptor (ER) alpha Ligands
GXUZUPUMLJASRP-AWEZNQCLSA-N	1		
GXWKSXUPEFVUOO-UHFFFAOYSA-N	3	KDR	VEGFR-2 (FLK-1/KDR) Inhibitors,Inhibitors of Signal Transduction Pathways,Angiogenesis Inhibitors
GYNZGXINUJMHPX-UHFFFAOYSA-N	1	CDK4	CDK4 Inhibitors
GZUITABIAKMVPG-UHFFFAOYSA-N	3	ENG	Selective Estrogen Receptor Modulators (SERM),ACVRL1 Expression Enhancers,ENG Expression Enhancers
HAQIRIMIVLFYIX-ZFWWWQNUSA-N	1	TPP2	Tripeptidyl Peptidase II Inhibitors
HCAQGQIHBFVVIX-LYXAAFRTSA-N	2	CHEK2	Ribonuclease P Inhibitors,Checkpoint Kinase 2 (Chk2) Inhibitors
HCGFLVDMFDHYJD-UHFFFAOYSA-N	1		
HCIUDAYJRVRACO-UHFFFAOYSA-N	1		
HCSMRSHIIKPNAK-LSAVBLLPSA-N	12	BIRC2,XIAP	Inhibitor of Apoptosis Proteins (IAP) Inhibitors,Caspase 9 Activators,Caspase 8 Activators,Caspase 3 Activators,Apoptosis Inducers,Angiogenesis Inhibitors
HERUZAOANPGYSY-UHFFFAOYSA-N	2	ACHE	Norepinephrine Reuptake Inhibitors,Acetylcholinesterase Inhibitors
HHBOWXZOLYQFNY-UHFFFAOYSA-N	2	GCGR	GCGR antagonist,Glucagon Receptor (GCGR) Antagonists
HHOVRZGUSBMKKU-ZDUSSCGKSA-N	1	AKT1	PKA and AKT (a.k.a. PKB)
HJGMCDHQPXTGAV-IYARVYRRSA-N	2	EIF2B4	EIF2B4 modulator,Inhibits UPR, reactives translation
HKGJEZIGDHFJFL-UHFFFAOYSA-N	1	KPNB1	Importin beta inhibitor
HNHUNRACMOTTER-UHFFFAOYSA-N	2	EZH2	PRC2/EZH2,EZH2
HOSPRUSAKFDVHP-GOSISDBHSA-N	20	EGFR,ABL1,EPHA4,EPHB4,ERBB2	erbB1) Inhibitors,EGFR (HER1,Angiogenesis Inhibitors,VEGFR Inhibitors
HPTMTYKYKUKYCQ-UHFFFAOYSA-N	1	CCNA1	CDK1/2 inhibitor
HQHSJJZIICGOIX-UHFFFAOYSA-N	7	CCNA1,CCNB2,CCNB3,CDK2,ROCK2,DYRK1A,CDK9	CDK inhibitors
HRAQDVZJYIAWOV-UHFFFAOYSA-N	3	SCD	SCD1) Inhibitors,SCD,Stearoyl-CoA Desaturase (delta-9 Desaturase
HUJRVZPZMDVSSK-VJBMBRPKSA-N	4	ACACB,ACACA	Acetyl-CoA Carboxylase 2 (ACC2) Inhibitors,Acetyl-CoA Carboxylase 1 (ACC1) Inhibitors
HWSHOMMVLGBIDN-UHFFFAOYSA-N	8	WNK2,WNK3,WNK4,WNK1	WNK1/2/3/4 inhibitor,WNK1 gene inhibitor
HXWARSZQGAFXJM-MGPUTAFESA-N	1	PRKCQ	Protein kinase C theta inhibitor
IALXIRPKVRUJQO-UHFFFAOYSA-N	2	PDE2A,PDE4A	Phosphodiesterase IV Inhibitors
IBCXZJCWDGCXQT-UHFFFAOYSA-N	8	TGFBR1,MAPK13	p38 MAPK Inhibitors,TbetaR-I) Inhibitors,Activin Receptor Like Kinase 5 (ALK5,Inhibitors of Signal Transduction Pathways
ICQRGTUAJXYSRC-OAQYLSRUSA-N	1	WNK1	WNK1 kinase inhibitor
ICWBFSCBEZAOCT-UHFFFAOYSA-N	2	CA2,CA1	carbonic anhydrase inhibitor
IDINUJSAMVOPCM-UHFFFAOYSA-N	1		
IFDGQFUYOOYEGE-UHFFFAOYSA-N	1	LSS	LSS gene inhibitor
IGMSBHBHVCLQBH-UHFFFAOYSA-N	1	PRKD1	PKD inhibitor
IGRCFOGPIJEESA-UHFFFAOYSA-N	1	TNFSF11	RANKL inhibitor
ILOIOIGZFHGSMS-UHFFFAOYSA-N	2	FAAH,CES1	Fatty Acid Amide Hydrolase (FAAH) Inhibitors
IMOQEWXBWXGJOX-CQSZACIVSA-N	1	PRKCE	PKC epsilon inhibitor
INRRBCBUMMJGOS-UHFFFAOYSA-N	1	APP	beta-Amyloid (Abeta) Aggregation Inhibitors
IODOBBFRLZLCJR-UHFFFAOYSA-N	2	SC5D	Non-Steroidal Antiinflammatory Drugs,Cyclooxygenase-2 Inhibitors
IOYGAWXBNPFOKF-UHFFFAOYSA-N	1	KDR	VEGFR-2 (FLK-1/KDR) Inhibitors
IQIBKLWBVJPOQO-UHFFFAOYSA-N	1	RARB	Drugs Acting on Retinoid Receptors
ISTCAWFMNVHHRU-UHFFFAOYSA-N	1	MTNR1B	Melatonin MT2 Receptor Ligands
ITACCRHKSPSKKL-UHFFFAOYSA-N	1	C5AR1	C5a Antagonists
IVQVBMWPWPTSNO-UHFFFAOYSA-N	1	ERN1	IRE1 protein kinase inhibitor
IVRXNBXKWIJUQB-UHFFFAOYSA-N	3	TGFBR1	TbetaR-I) Inhibitors,Activin Receptor Like Kinase 5 (ALK5,Inhibitors of Signal Transduction Pathways
IXMQNMIYTMPPQN-UHFFFAOYSA-N	3	KDR	Angiogenesis Inhibitors,Inhibitors of Signal Transduction Pathways,VEGFR-2 (FLK-1/KDR) Inhibitors
IYIGLWQQAMROOF-HHHXNRCGSA-N	1	OGT	OGT (O-linked N-acetylglucosamine (GlcNAc) transferase) inhibitor
IZPNVUYQWBZYEA-UHFFFAOYSA-N	1		
IZVNOOHIAZYNQG-UHFFFAOYSA-N	1	CRHR1	CRF1 Antagonists
JABSKGQQWUDVRU-UHFFFAOYSA-O	4	HCN1,HCN3,HCN4,HCN2	HCN [I(h)] Blockers
JCBQCKFFSPGEDY-UHFFFAOYSA-N	4	CHRM1,HTR2A,SLC6A4,HRH1	Drugs Acting on 5-Hydroxytryptamine Receptors
JDEAFXJUIKOFAH-UHFFFAOYSA-N	1		
JFOAJUGFHDCBJJ-UHFFFAOYSA-N	1	TTK	Ttk protein kinase inhibitor
JFUAWXPBHXKZGA-IBGZPJMESA-N	2	NR3C1	Glucocorticoid Receptor (GR) Ligands,TNF-alpha Production Inhibitors
JGWRKYUXBBNENE-UHFFFAOYSA-N	1	CSF1R	CSF1R inhibitor
JIGIIKUAFNUTGA-UHFFFAOYSA-N	1	HTR1A	5-HT1A Receptor Agonists
JLJAVUZBHSLLJL-DQEHQXCCSA-N	1		
JMBODOHYRWZQEW-UHFFFAOYSA-N	1		
JPSGQGNOUABQDF-PRVBGKCFSA-N	4	ACACB,ACACA	Acetyl-CoA Carboxylase 2 (ACC2) Inhibitors,Acetyl-CoA Carboxylase 1 (ACC1) Inhibitors
JRSGZNKDLJKFKK-XMMPIXPASA-N	1		
JTVBXQAYBIJXRP-SNVBAGLBSA-N	2	ROCK1,ROCK2	Rho Kinase Inhibitors
JWQOJVOKBAAAAR-UHFFFAOYSA-N	1	SYK	Syk Kinase Inhibitors
KASDHRXLYQOAKZ-XDSKOBMDSA-N	12	PPP3R2,PPP3R1,PPP3CC,PPP3CB,PPP3CA,FKBP1A	Calcineurin inhibitor,Rotamase (FKBP12) Inhibitors
KDFQABSFVYLGPM-QFIPXVFZSA-N	1	CCKBR	CCK2 (CCKB/Gastrin) Antagonists
KDKUVYLMPJIGKA-UHFFFAOYSA-N	24	CCNA1,CDK2,CDK1,AURKA	Inhibitors of Signal Transduction Pathways,CDK2/Cyclin A Inhibitors,CDK1/Cyclin B Inhibitors,Aurora Kinase Inhibitors,Apoptosis Inducers,Antimitotic Drugs
KIAPWMKFHIKQOZ-UHFFFAOYSA-N	1	ARF1	Golgi ARF 1 (ADP-Ribosylation Factor) GTPase activator
KIEXMVITNVJBEJ-NBILRRPASA-N	2	EGFR,BLK	Blk tyrosine kinase inhibitor
KILIYQSGUAKAHL-UHFFFAOYSA-N	2	ACVR1B,TGFBR1	Activin receptor antagonist
KLGQSVMIPOVQAX-UHFFFAOYSA-N	4	TNKS2,TNKS	Tankyrase 2 (TNKS2) Inhibitors,Tankyrase 1 (TNKS1) Inhibitors
KLSCBNKMNKJFBO-UHFFFAOYSA-N	4	IL2,CD28	IL-2 Production Inhibitors,Protein Kinase C (PKC) Inhibitors
KLSRELDSEJWOAS-UHFFFAOYSA-N	1		
KSISWIVDFITFKQ-UHFFFAOYSA-N	1	NPC1	Niemann-Pick C1 inhibitor
KSWYJUIFHPSZOL-UHFFFAOYSA-N	5	SMO,PTCH1,DHH,IHH,SHH	Hedgehog Signaling Inhibitors
KTUCUQYEWVGDDQ-ANYOKISRSA-N	2	ECE1,ECE2	Endothelin-Converting Enzyme (ECE) Inhibitors
KTUFNOKKBVMGRW-UHFFFAOYSA-N	18	PDGFRB,ABL1,DDR1,PPARG,PDGFRA,KIT	Inhibitors of Signal Transduction Pathways,Bcr-Abl Kinase Inhibitors,Abl Kinase Inhibitors
KVLLHLWBPNCVNR-SKCUWOTOSA-N	6	GHSR,GH1	Growth Hormone Secretagogues,GHS Receptor Agonists,Growth hormone secretagogue receptor (ghrelin) agonist
LAYAEBGGDTWXAZ-RUZDIDTESA-N	1	GCK	Glucokinase Activators
LBFYQISQYCGDDW-UHFFFAOYSA-N	12	CDK8,CDK19	Wnt Pathway Inhibitor,Wnt signalling inhibitor,type I inhibitor of CDK8 and CDK19
LCMWDFXRHRLQPG-MXVIHJGJSA-N	3	TEK	Angiogenesis Inhibitors,Inhibitors of Signal Transduction Pathways,Tie2 Receptor Inhibitors
LDTAHRLHGHFHKP-UHFFFAOYSA-N	6	TBK1,IKBKE	TBK1 gene inhibitor,IKK-i) Inhibitors,IKBKE (IKK-epsilon
LMLDPXXCYIXDSG-MDZDMXLPSA-N	9	ALOX5,PTGS1,PTGS2	Non-Steroidal Antiinflammatory Drugs,Lipoxygenase Inhibitors,Cyclooxygenase (COX) Inhibitors
LNMRSSIMGCDUTP-UHFFFAOYSA-N	1	TEK	Tie-2   p38 MAPK dual inhibitor
LQPGVGSKBNXQDU-UHFFFAOYSA-N	3	KDM6A,KDM6B,UTY	KDM6 inhibitor
LRGVDHZAEYAHLG-UHFFFAOYSA-N	2	CFTR	Wnt agonist,CFTR Modulator
LUTPUCJIKBULCQ-UHFFFAOYSA-N	1	GPBAR1	Bile Acid Responsive TGR5 Receptors (GPBAR1, AXOR 109, GPCR19) Agonists
LWJOLPZGUNUJFV-UHFFFAOYSA-N	1	ITK	ITK (EMT) Kinase Inhibitors
LYAUICDWKQJAGX-UHFFFAOYSA-N	1		
MCBPHFHTGOTFPN-UHFFFAOYSA-N	12	ABL1,ABL2,KDR,BCR	Angiogenesis Inhibitors,Bcr-Abl Kinase Inhibitors,VEGFR-2 (FLK-1/KDR) Inhibitors
MCMSJVMUSBZUCN-YYDJUVGSSA-N	1		
MIBCJEHHQRRSRL-UHFFFAOYSA-N	3	PDGFRB,PDGFRA,KIT	PDGFR kinase inhibitor
MIJYXULNPSFWEK-GTOFXWBISA-N	25	PLA2G2A,AKR1B10,GPBAR1,PTPN1,PTPN2	Protein Tyrosine Phosphatase PTP-1B Inhibitors,G-Protein Coupled Bile Acid Receptor 1 Agonists,LDL Antioxidants,Secretory Phospholipase A2 (sPLA2) Inhibitors,Insulin Secretagogues
MLLQJNIKDWEEFT-UHFFFAOYSA-N	2	KDR	Protein Kinase Inhibitors,Inhibitors of Signal Transduction Pathways
MMPAULQSJLVKHP-UHFFFAOYSA-N	1	P2RX7	P2X7 Receptor Antagonists
MNENNUUKHSBOKZ-BEOVBFIISA-N	4	CTSD,BACE1	Cathepsin D Inhibitors,beta-Secretase 1 (BACE1) Inhibitors
MNJVRJDLRVPLFE-UHFFFAOYSA-N	2	PTGS2	Non-Steroidal Antiinflammatory Drugs,Cyclooxygenase-2 Inhibitors
MOOPBYUCHZCDPA-BUHFOSPRSA-N	1	PTGER3	Prostanoid EP3 Antagonists
MQSXZQXHIJMNAF-UHFFFAOYSA-N	1	GCGR	Glucagon Receptor (GCGR) Antagonists
MQZNUFXSYVZICW-UHFFFAOYSA-N	1	CRHR1	CRF1 Antagonists
MTKCOKFSICWGPP-UHFFFAOYSA-N	3	CCNA1,CDK2,CDK4	CDK inhibitor
MVWWLCCKVBTYTD-UHFFFAOYSA-N	2	CRBN	CRBN neomorph,E3 ligase inhibitor
MXYUKLILVYORSK-HBMCJLEFSA-N	6	SLC18A2,CHRNA4,CHRNB2	alpha4beta2 nicotinic acid receptor partial agonist,Dopamine Receptor Modulators
MYZPKVPIILDSSN-UHFFFAOYSA-N	1	HTR1D	5-HT1D Agonists
MZKQCJZDYJDDML-WNJJXGMVSA-N	1	C5AR1	C5a Antagonists
MZYNHNDFHWNIIU-INIZCTEOSA-N	1	SCD	SCD inhibitor
NAXBGVSFGBQHDO-UHFFFAOYSA-N	1	CDK4	CDK4 Inhibitors
NBHPRWLFLUBAIE-UHFFFAOYSA-N	2	PLD2	Phospholipase D2 (PLD2) Inhibitors,Dopamine Receptor Antagonists
NCRSWJPOFRASIF-HMMYKYKNSA-N	1	ACTB	Actin stabilizer
NDEVFXJRZJJZDG-UHFFFAOYSA-N	1	CCR9	CCR9 chemokine antagonist
NDIKFKQBWGMLCA-DEOSSOPVSA-N	2	PFKFB3	PFKFB3 inhibitor,inhibition of PFKFB3 leads to inhibition of glycolysis
NETXMUIMUZJUTB-UHFFFAOYSA-N	3	BRD4	BRD2/3/4/T BET familiy inhibitor,BRD4 inhibitor,APOA1 Expression Enhancers
NHZMQXZHNVQTQA-UHFFFAOYSA-N	1		
NIVBGOGCJSMNMG-KRWDZBQOSA-N	1	PAK1	PAK1 gene inhibitor
NJVHJRCHDQKEHV-FOKLQQMPSA-N	2	PIR	Anti-inflammatory,IL23/IL12 secretion inhibitor
NMUSYJAQQFHJEW-KVTDHHQDSA-N	12	UHRF1,DTYMK,DNMT1	DNMT1,DNA Methyltransferase (DNMT) Inhibitors,Apoptosis Inducers,Antimetabolites
NRJSHVPDELFHKB-UHFFFAOYSA-N	3	PDE4D,PDE4B,PDE4A	Phosphodiesterase IV Inhibitors
NSDYPYMREQWLNC-UHFFFAOYSA-N	4	TLR7,TLR8	TLR8 Receptor Agonists,TLR7 Receptor Agonists
NSMRMZWAHUBRPG-UHFFFAOYSA-N	1	CDK1	CDK1 Inhibitors
NVOWFSVQTZTXSO-UHFFFAOYSA-N	1	NR4A2	Nurr1 Receptor Activators
NYAKHMNXWJGORW-UHFFFAOYSA-N	1	PRMT3	Allosteric PRMT3 inhibitor
OAVGBZOFDPFGPJ-UHFFFAOYSA-N	30	PRKCA,PRKCD,PRKCE,PRKCQ,PRKCB,CD28	Protein Kinase PKC epsilon Inhibitors,Protein Kinase PKC alpha Inhibitors,Protein Kinase PKC delta Inhibitors,Protein Kinase PKC theta Inhibitors,Protein Kinase PKC beta Inhibitors
OFGZKSUTEKHHAS-UHFFFAOYSA-N	1	SSTR5	Somatostatin SRIF1B (sst5) Antagonists
OGHNVEJMJSYVRP-UHFFFAOYSA-N	1	ADRB1	beta1-Adrenoceptor Antagonists
OGQICQVSFDPSEI-UHFFFAOYSA-N	9	RARG,ODC1,RARB	Retinoid RARbeta Agonists,Ornithine Decarboxylase Inhibitors,Retinoid RARgamma Agonists
OHAXNCGNVGGWSO-UHFFFAOYSA-N	1	CREB1	Cyclic AMP Response Element-Binding Protein (CREB) Inhibitors
OJPLJFIFUQPSJR-INIZCTEOSA-N	2	PSEN1	Drugs Acting on Notch Receptors,gamma-Secretase Inhibitors
OODPPJDFRMJIDK-UHFFFAOYSA-N	1	KDR	VEGFR-2 (FLK-1/KDR) Inhibitors
OONFNUWBHFSNBT-HXUWFJFHSA-N	12	ERBB2,EGFR	VEGFR-2 (FLK-1/KDR) Inhibitors,Inhibitors of Signal Transduction Pathways,HER2 (erbB2) Inhibitors,erbB1) Inhibitors,EGFR (HER1,Angiogenesis Inhibitors
OSFZBGUNRGOXKG-UHFFFAOYSA-N	1	BRD4	BET inhibitor BD1 selective
OVJDNZFLEREPKG-VPMCBBNJSA-N	1	GFM1	Inhibitor of mitochondrial translation
OVPNQJVDAFNBDN-UHFFFAOYSA-N	16	CDK2,CDK1,CCNB1,CCNA2	CDK1/Cyclin B Inhibitors,CDK2/Cyclin A Inhibitors,Inhibitors of Signal Transduction Pathways,Apoptosis Inducers
PBHDCPWPSOSGGD-UHFFFAOYSA-N	2	DDR2,DDR1	DDR tyrosine kinase receptor inhibitor
PFDUBQQHEHJNQX-UHFFFAOYSA-N	2	CCND2,CCND3	CDK Inhibitors
PGGINYVNLNKQRD-UHFFFAOYSA-N	1	USP14	Known USP14 inhibitor
PHEDXBVPIONUQT-RGYGYFBISA-N	1	PRKCA	Protein kinase C alpha stimulator
PHVGLTMQBUFIQQ-UHFFFAOYSA-N	1	KCNJ10	K(ir) 4.1 Blockers
PLHJCIYEEKOWNM-HHHXNRCGSA-N	4	FNTB,FNTA	Farnesyltransferase (geranylgeranyl pyrophosphate synthase) Inhibitors,Inhibitors of Signal Transduction Pathways
POIHISOJGIBUNY-ZJWIQQFQSA-N	2	PLA2G10	Phospholipase A2 (PLA2) Inhibitors,Leukotriene Antagonists
PPLNRTPNYCWODC-UHFFFAOYSA-N	1	CES2	Carboxylesterase Inhibitors
PQZDYFRDRHRZGF-UHFFFAOYSA-N	1		
PURKAOJPTOLRMP-UHFFFAOYSA-N	1	CFTR	CFTR Channel Activators
PVXYYWORFYROCX-UHFFFAOYSA-N	1	KMT2A	MLL1-WDR5                 Protein-protein interaction inhibitor
PXNBOFBSFXZTES-UHFFFAOYSA-N	4	HTR3E,HTR3D,HTR3C,HTR3B	5-HT3 Receptor agonist ligands
QAUVAHYHKLRJCQ-UHFFFAOYSA-N	1	ADRA1B	alpha1-Adrenoceptor Antagonists
QITKCQWRUKVTKJ-YIXHJXPBSA-N	1	NPFFR2	Neuropeptide FF Receptor 2 (NPFF2) Agonists
QJJXYPPXXYFBGM-LFZNUXCKSA-N	12	PPP3R2,PPP3R1,PPP3CC,PPP3CB,PPP3CA,FKBP1A	Calcineurin inhibitor,FKBP12 gene modulator
QLYKJCMUNUWAGO-GAJHUEQPSA-N	1	CNR1	Cannabinoid CB1 Inverse Agonists
QPKKAIMODKGHRH-UHFFFAOYSA-N	15	CDKL5,GSK3B,AURKA	Cyclin-Dependent Kinase Inhibitors,Glycogen Synthase Kinase 3 beta (GSK-3beta| tau Protein Kinase I) Inhibitors,Aurora-A (ARK1) Kinase Inhibitors,Inhibitors of Signal Transduction Pathways,Antimitotic Drugs
QQKKPWJFHBFCTH-UHFFFAOYSA-N	1	PRKCH	Protein Kinase C (PKC) Inhibitors
QSHGISMANBKLQL-OWJWWREXSA-N	15	APH1A,APH1B,PSEN1,PSEN2,PSENEN	Antiamyloidogenic Agents,Notch Signaling Inhibitors,gamma-Secretase Inhibitors
QSTFOTXJPGATJP-UHFFFAOYSA-N	2	CASR	Parathyroid Hormone Secretion Stimulants,Calcium-Sensing Receptor (CaSR) Antagonists
QSZCDYHTHAAFAW-UHFFFAOYSA-N	1	PDE10A	Phoshodiesterase 10A Inhibitor
QUNXSQHPYBFZQN-UHFFFAOYSA-N	1	DGAT1	Diacylglycerol Acyltransferase type 1 (DGAT-1) Inhibitors
QUVHZANTGRHKML-UHFFFAOYSA-N	1		
QVKGXWZEXPUJMY-AWEZNQCLSA-N	1		
QVZCXCJXTMIDME-UHFFFAOYSA-N	2	SLC29A1,SLC29A2	Adenosine Reuptake Inhibitor
QWQOWMCNZNPRMC-UHFFFAOYSA-N	3	ABL1	Inhibitors of Signal Transduction Pathways,Bcr-Abl Kinase Inhibitors,Abl Kinase Inhibitors
QZAYGJVTTNCVMB-UHFFFAOYSA-N	17	HTR1B,HTR1D,HTR2B,HTR2A,HTR3A,HTR2C,HTR3B,HTR3C,HTR3D,HTR3E,HTR4,HTR6,HTR7,HTR1F,HTR1A,HTR1E,HTR5A	Serotonin receptor agonist
QZKGUNQLVFEEBA-UHFFFAOYSA-N	2	ADRA2C	ADRA2C antagonist,alpha2C-Adrenoceptor Antagonists
RBQOQRRFDPXAGN-UHFFFAOYSA-N	4	SLC29A4,SLC29A3,SLC29A2,SLC29A1	Adenosine Reuptake Inhibitors
RDLIBCPWPNCFBW-UHFFFAOYSA-N	4	HTR3E,HTR3D,HTR3C,HTR3B	5-HT3 receptoe agonist
RDSAUPRYZCQORM-BJTUFNSYSA-N	1	SSTR3	Somatostatin srif1C (sst3) Antagonists
RESDJUDFKVEMNA-UHFFFAOYSA-N	1	RET	RET inhibitor
RHMXXJGYXNZAPX-UHFFFAOYSA-N	3	CSNK2A1,CSNK2A2,CSNK2B	Casein Kinase II (CK2) Inhibitors
RJURFGZVJUQBHK-IIXSONLDSA-N	6	CDK9,POLRMT	RNA synthesis inhbitor,Transcription Inhibitors,DNA-Directed RNA Polymerase Inhibitors
RLAJOHAIIACFAM-ZZXKWVIFSA-N	28	HSPB1,PRKD3,PRKD2,PRKD1,AURKA,MAPKAPK5,MAPKAPK2	TNF-alpha Release Inhibitors,Heat Shock Protein 27 (hsp27) Inhibitors,MAPKAP-K2 (MK2) Inhibitors,Aurora-A (ARK1) Kinase Inhibitors
RNPWPESLLCUROD-UHFFFAOYSA-N	2	CCND2,CCND3	CDK Inhibitors
RPBMXJHQYJLPDN-UHFFFAOYSA-N	2	BRD9,BRD7	BRD9/BRD7 inhibitor
RPDFDSQFBCJTDY-GAQXSTBRSA-N	1	TACR1	Tachykinin NK1 Antagonists
RQFYFNAGNBUGFC-UHFFFAOYSA-N	2	GSK3A,GSK3B	GSK3a/b inhibitor
RQVLGMREYUFLPQ-UHFFFAOYSA-N	1	DOT1L	Dot1L inhibitors
RRRUXBQSQLKHEL-UHFFFAOYSA-N	2	PDE4C,ENPP4	Phosphodiesterase IV Inhibitors
RTGHTZYVGKKHJP-UHFFFAOYSA-N	1	SCD	SCD inhibitor
SCVSKBOXACFBBW-WGSAOQKQSA-N	3	FLT1	Angiogenesis Inhibitors,Inhibitors of Signal Transduction Pathways,VEGFR-1 (Flt-1) Inhibitors
SDHTXBWLVGWJFT-UMXDBTPVSA-N	1		
SETVRSKZJJWOPA-FLDGXQSCSA-N	4	JUN,UQCRC1	Electron Transport Chain Inhibitors,AP-1 Inhibitors
SFDROHXKTATJBI-UHFFFAOYSA-N	2	MEN1	Inhibitor of MEN1 (Menin),MEN1 inhibitor
SHGAZHPCJJPHSC-YCNIQYBTSA-N	3	RARA,RORB,RXRG	Retinoid RORbeta Ligands
SHGAZHPCJJPHSC-ZVCIMWCZSA-N	9	RARA,RXRA,ABCA1	Retinoid RXR Agonists,Retinoid RAR Agonists,ABCA1 Expression Enhancers
SMILIUISKUMIEU-UHFFFAOYSA-N	1	CCR1	CCR1 antagonist
SNICXCGAKADSCV-JTQLQIEISA-N	2	CHRNA3,CHRNB4	Nicotinic alpha7 Partial Agonists
SPDQRCUBFSRAFI-DOMZBBRYSA-N	1	PIK3C3	VPS34 inhibitor
SPLDGZVGTOKENR-UZLBHIALSA-N	1	GRM5	mgluR5 Antagonists
STRAIBOPIVXLQO-UHFFFAOYSA-N	2	MAPK14,MAPK13	p38 MAPK Inhibitors
SXHHURZUIGDYAR-QGZVFWFLSA-N	2	MAP3K12,MAP3K13	MAP3K12 (DLK) Inhibitors
TVTXCJFHQKSQQM-LJQIRTBHSA-N	1	MDM2	Mdm2 p53-binding protein inhibitor
TXODBIOSWNNKJM-UHFFFAOYSA-N	2	SLC1A5	Large Conductance K(Ca) 1.1 (BK, maxi K+) Channel Activators,GABA(A) Receptor Agonists
TXZRKKQUOSAZKF-UHFFFAOYSA-N	1	CCR9	Chemokine CCR9 Receptor Ligands
TZUYDLKHNQUNKS-UHFFFAOYSA-N	2	ELAVL1,MYLK	ELAVL1 gene inhibitor
TZXKOCQBRNJULO-UHFFFAOYSA-N	1		
TZZISDZOBASIEO-UHFFFAOYSA-N	2	MAP3K14	MAP3K14) Inhibitors,NFkappaB-inducing kinase (NIK
UEIXZMRXRYKEIL-UHFFFAOYSA-N	1	SGK3	SGK3 gene inhibitor
UGYXPZQILZRKJJ-UHFFFAOYSA-N	1	HRH4	HRH4 agonist
UJNGIXKARARJGM-UHFFFAOYSA-N	1	LSS	Lanosterol Synthase Inhibitors
ULFUJLFTRWWLPO-UHFFFAOYSA-N	1	TGFBR2	TGFBR2 degrador
UQHKJRCFSLMWIA-UHFFFAOYSA-N	4	CAMK2D,PRKCA	Protein Kinase C (PKC) Inhibitors,Non-Steroidal Antiinflammatory Drugs
USEMRPYUFJNFQN-UHFFFAOYSA-N	2	KCNN3,KCNN2	Small Conductance SK(Ca) 2.3 (SK3, SKCa3, hKCa3) Channel Activators
UTBSBSOBZHXMHI-CABCVRRESA-N	6	CCNA1,CCNB2,CCNB3,CDK2,CDK1,RPS6KA3	CDK inhibitor
UUSJIECFMYLBBU-UHFFFAOYSA-N	2	AMD1	S-Adenosyl-L-methionine Decarboxylase Inhibitors,Antimetabolites
UVFVGMMQAMBWJB-IFQMDVHZSA-N	1	NR2F6	NR2F6 Agonists
UYBRROMMFMPJAN-UHFFFAOYSA-N	1		
UZIATSFXNVOVFE-OAHLLOKOSA-N	2	DYRK1A,GSK3B	DYRK-1 alpha protein kinase inhibitor
VDPYORASPBMPQL-LBPRGKRZSA-N	3	DPP4	DP-IV) Inhibitors,DPP-IV,Dipeptidyl Peptidase IV (CD26
VFBGXTUGODTSPK-BAQGIRSFSA-N	1	EIF2AK2	PKR Inhibitor
VFCRKLWBYMDAED-REWPJTCUSA-N	10	APH1A,APH1B,PSEN1,PSEN2,PSENEN	gamma-Secretase Inhibitors,Apoptosis Inducers
VGEREEWJJVICBM-UHFFFAOYSA-N	6	VCAM1,ICAM1	Antioxidants,ICAM1 Expression Inhibitors,VCAM1 Expression Inhibitors
VGKDLMBJGBXTGI-SJCJKPOMSA-N	2	SLC6A3,SLC6A4	5-HT Reuptake Inhibitors
VHDOJOVCAVZTRK-UHFFFAOYSA-N	2	TNIK,MAP4K4	MAP4K4 inhibitor
VILCJCGEZXAXTO-UHFFFAOYSA-N	2	TERT	Telomerase Inhibitors,Chelating Agents
VMZMNAABQBOLAK-DBILLSOUSA-N	2	SSTR3,SSTR5	Somatostatin SRIF1B (sst5) inhibitor
VOASEWXFCTZRDF-UHFFFAOYSA-N	2	HSP90AB1,HSP90AA1	Hsp90 inhibitor
VRVJKILQRBSEAG-LFPIHBKWSA-N	2	EP300,CREBBP	CREBBP/ EP300 KAT inhibitor
VWWVDRUMIVMLNJ-HNNXBMFYSA-N	1	HSPA1A	Selective allosteric inhibitor for HSPA1A/Hsp70i
VWXRQYYUEIYXCZ-OBIMUBPZSA-N	2	AVPR1A,OXTR	Oxytocin (OT) Antagonists
WALDOGJQTYJBFG-AATRIKPKSA-N	1	PRKCQ	PKC theta inhibitor
WAZOFYYWAQHTQZ-UHFFFAOYSA-N	1	TGM2	Tissue transglutaminase inhibitor
WCDLCPLAAKUJNY-UHFFFAOYSA-N	1	TGFBR2	ALK2 inhibitor
WCIGMFCFPXZRMQ-UHFFFAOYSA-N	1	LRRK2	LRRK2 gene inhibitor
WDWWXLHZTZFIDA-UHFFFAOYSA-N	1	BMX	Bmx tyrosine kinase inhibitor
WEXCGGWTIDNVNT-UHFFFAOYSA-N	1		
WFDHLKUQFQCHKF-UHFFFAOYSA-N	1	AKT1	allosteric AKT inhbitor
WFJQCQNBWDAYSK-AWEZNQCLSA-N	1	KDR	VEGFR-2 (FLK-1/KDR) Inhibitors
WFMNAESJUUOVOL-RBZFPXEDSA-N	1	CHRNA7	Nicotinic alpha7 Agonists
WFZVSYFCDKGJEM-CRAIPNDOSA-N	1	DRD2	Dopamine D2 Agonists
WJEOLQLKVOPQFV-UHFFFAOYSA-N	8	FGFR3,KIT	Angiogenesis Inhibitors,KIT (C-KIT) Inhibitors,FGFR3 Inhibitors,Inhibitors of Signal Transduction Pathways
WJUGGKGTCAVATA-UHFFFAOYSA-N	1	PTAFR	Platelet-Activating Factor Receptor (PAFR) Antagonists
WJUNQSYQHHIVFX-UHFFFAOYSA-N	2	HSP90AA1,HSP90B1	Heat Shock Protein 90 (hsp90) Inhibitors
WKSHMJCYWFOADB-UHFFFAOYSA-N	1	ABHD6	ABHD6 Inhibitor
WMBWREPUVVBILR-NQIIRXRSSA-N	3	PPARA	PPARalpha Agonists,Antioxidants,Enoyl-(acyl-carrier protein) Reductase Fabl Inhibitors
WOUDPYBESPZALS-UHFFFAOYSA-N	6	CDK9,CCNT1,GSK3A	CDK9/Cyclin T1 Inhibitors,Glycogen Synthase Kinase 3 (GSK-3) Inhibitors
WPYWMXNXEZFMAK-UHFFFAOYSA-N	6	GUCY1A2,GUCY1A1,GUCY1B1	Soluble guanylate cyclase activator,Soluble Guanylyl Cyclase (sGC) Activators
WQLBIRHATOKWMC-BZSNNMDCSA-N	1	PLG	Inhibitors of Blood Coagulation Pathways
WRWCAQNPEXYGJK-PKNBQFBNSA-N	1	RXRA	Retinoid RXRalpha Agonists
WSLWDYFVQCTRRJ-UHFFFAOYSA-N	1	TGFBR1	ALK5 inhibitor
WVIPVRJNDZWQGP-UHFFFAOYSA-N	1	BRD4	bET inhibitor BD1 selective
WVTUDMXKOFCUFN-XMMPIXPASA-N	1	PTGIR	Prostanoid IP Agonists
WXUORZWCMOOXRS-DEOSSOPVSA-N	2	PSEN2,PSEN1	Known Gamma secretase modulator
WYWIFABBXFUGLM-UHFFFAOYSA-N	8	HTR1E,ADRA1B,ADRA2A,ADRA1A	alpha2A(2D)-Adrenoceptor Agonists,alpha1A-Adrenoceptor Agonists
XBJHBEQDHSREQB-QHCPKHFHSA-N	1	MDM2	Mdm2 p53-binding protein inhibitor
XCHAQSBFCMITMW-OAQYLSRUSA-N	1	HCRTR2	Orexin OX-2 Antagonists
XEEQGYMUWCZPDN-DOMZBBRYSA-N	6	PANX1,GJA8,GJD2	Pannexin 1 (PANX1) Inhibitors,Antimalarial
XEPVNVXTIBRSPO-UHFFFAOYSA-N	1	DAO	D-Amino Acid Oxidase (DAAO) Inhibitors
XFPKKPUAPZGFCK-UHFFFAOYSA-N	4	SSTR2,SSTR5	Somatostatin SRIF1B (sst5) Agonists,Somatostatin SRIF1A (sst2) Agonists
XFWZBMTTXLUWKW-YIUHCBHRSA-N	1		
XIDPLDHLNCWZQE-UHFFFAOYSA-N	1	HTR2C	HTR2C antagonist
XJGOPYWCSIEHLX-UHFFFAOYSA-N	2	BRAF,RAF1	RAF Inhibitor
XNEWILNREVDHDJ-UHFFFAOYSA-N	2	CASR	Parathyroid Hormone Secretion Stimulants,Calcium-Sensing Receptor (CaSR) Antagonists
XNUGHKFWLZXJDH-UHFFFAOYSA-N	4	HDAC1	Histone acetylation modulator,Wnt pathway activator,Wnt pathway agonist,ATOH1 reactivator
XNWDRALEEPGBHB-UHFFFAOYSA-N	3	PRKD3,PRKD2,PRKD1	Protein Kinase D (PKD) Inhibitors
XOAHEZUFENTGII-UHFFFAOYSA-N	1		
XQYASZNUFDVMFH-CQSZACIVSA-N	1	CCR1	Chemokine CCR1 Antagonists
XQYZDYMELSJDRZ-UHFFFAOYSA-N	3	PDE4C,PDE10A,ENPP6	Phosphodiesterase PDE10A Inhibitors
XWLOYAAKIFUZDU-UHFFFAOYSA-N	1	MAP4K4	MAP4K4 inhibitor
XXSDLQLNIVFIJI-UHFFFAOYSA-N	2	PIK3C3	Phosphatidylinositol 3-Kinase Catalytic Subunit Type 3 (PIK3C3,Vps34) Inhibitors
XYKWNRUXCOIMFZ-UHFFFAOYSA-N	3	ALOX5	NF-kappaB (NFKB) Activation Inhibitors,Lipoxygenase Inhibitors,Cyclooxygenase (COX) Inhibitors
XYUYSDBKGVJSKN-UHFFFAOYSA-N	6	PRKCB,PRKCG	Angiogenesis Inhibitors,Protein Kinase PKC beta Inhibitors,Inhibitors of Signal Transduction Pathways
XZZOJFOFCDHYRX-UHFFFAOYSA-N	1	MAPKAPK2	MAPKAP-K2 (MK2) Inhibitors
YCOYDOIWSSHVCK-UHFFFAOYSA-N	24	FLT1,KDR,KIT	VEGFR-3 (FLT4) Inhibitors,VEGFR-2 (FLK-1/KDR) Inhibitors,VEGFR-1 (Flt-1) Inhibitors,PDGFRbeta Inhibitors,KIT (C-KIT) Inhibitors,Inhibitors of Signal Transduction Pathways,Aromatase Inhibitors,Angiogenesis Inhibitors
YDBCEBYHYKAFRX-UHFFFAOYSA-N	1	HTR1D	HTR1D antagonist
YEYAKZXEBSVURO-UHFFFAOYSA-N	12	HTR3A,HTR3B,HTR3C,HTR3E	5-HT3 antagonist,NF-kappaB (NFKB) Activation Inhibitors,Apoptosis Inducers
YFIAGILPWYUJOO-UHFFFAOYSA-N	5	ROCK2	ROCKalpha) Inhibitors,Rho Kinase 2 (ROCK 2,p160-ROCK) Inhibitors,Rho Kinase 1 (ROCK 1,Inhibitors of Signal Transduction Pathways
YHCNHDIDECZSCA-AGHHOFFYSA-N	9	BACE1,CTSE,BACE2	Cathepsin E Inhibitors,beta-Secretase 2 (BACE2) Inhibitors,beta-Secretase 1 (BACE1) Inhibitors
YIDDLAAKOYYGJG-UHFFFAOYSA-N	1	MAP3K5	MAP3K5 inhibitor
YILJWHUIUCRKEU-UHFFFAOYSA-N	1	AGTR1	Angiotensin Receptor Antagonists
YNZXWQJZEDLQEG-UHFFFAOYSA-N	1	ADRA1A	alpha-Adrenoceptor Antagonists
YULUCECVQOCQFQ-UHFFFAOYSA-N	1	PDK1	PDK1 inhibitor
YUNQZQREIHWDQT-UHFFFAOYSA-N	2	BRPF1,BRD1	BRPF1B and BRPF2 inhibitor
YZRLVRHBPHBXFV-KYJUHHDHSA-N	1	TACR1	Tachykinin Antagonists
ZCMFEWUYBFMLIN-UHFFFAOYSA-N	1	IGFBP4	IGFBP1-6 Inhibitor
ZEGAKOAYQRABCU-UHFFFAOYSA-N	2	IL2	IL-2 Production Inhibitors,Protein Kinase C (PKC) Inhibitors
ZEOWFBDZQYSYSD-HXUWFJFHSA-N	1	PPARA	PPARalpha Agonists
ZFOMCSNUEHMROO-UHFFFAOYSA-N	6	DYRK3,DYRK2,HASPIN	Dual-Specificity Tyrosine-(Y)-Phosphorylation Regulated Kinase 2 (DYRK2) Inhibitors,Serine/Threonine Kinase Haspin (Gsg2) Inhibitors
ZGCGVCMUJCQTAY-UHFFFAOYSA-N	1		
ZGUGJATZUQXKMC-SDLFDTCQSA-N	24	FKBP1A,PPP3R2,PPP3R1,PPP3CC,PPP3CB,PPP3CA	TLR8 Receptor Agonists,TLR7 Receptor Agonists,FKBP12 gene modulator,Calcineurin inhibitor
ZIQFYVPVJZEOFS-UHFFFAOYSA-N	16	ABL1,ABL2,SRC,BCR	Bcr-Abl Kinase Inhibitors,Abl Kinase Inhibitors,Inhibitors of Signal Transduction Pathways,Src Kinase Inhibitors
ZPMNHBXQOOVQJL-UHFFFAOYSA-N	1	HTR4	5-HT4 Agonists
ZPVUIOVIUFJGHO-UHFFFAOYSA-N	1	DDR2	DDR2 inhibitor
ZRPZPNYZFSJUPA-UHFFFAOYSA-N	1		
ZVHNDZWQTBEVRY-UHFFFAOYSA-N	9	JAK1,JAK2,TYK2	Tyk2 Inhibitors,Jak1 Inhibitors,Jak2 Inhibitors
ZXMXAOYWSLZLQM-NZNGGYBSSA-N	1	F2RL1	Proteinase activated receptor 2 (PAR2) partial agonist
